Model / Label,Epoch,German Bank Acc (%),German Bank F1-Macro (%),Coralscapes mIoU (%),Coralscapes Pixel Acc (%)
stage1_marine_with_physics_lr_1e-5_with_pixel/benthic-ssl-best.ckpt,11,77.60%,70.32%,23.44%,61.19%
stage1_marine_with_physics_lr_1e-5_with_pixel/benthic-ssl-epoch=00-ssl_loss=14.54.ckpt,0,78.20%,70.59%,23.31%,61.19%
stage1_marine_with_physics_lr_1e-5_with_pixel/benthic-ssl-epoch=01-ssl_loss=14.15.ckpt,1,78.00%,70.24%,23.34%,61.21%
stage1_marine_with_physics_lr_1e-5_with_pixel/benthic-ssl-epoch=02-ssl_loss=13.83.ckpt,2,76.80%,68.94%,23.31%,61.19%
stage1_marine_with_physics_lr_1e-5_with_pixel/benthic-ssl-epoch=03-ssl_loss=13.74.ckpt,3,77.20%,69.52%,23.34%,61.18%
stage1_marine_with_physics_lr_1e-5_with_pixel/benthic-ssl-epoch=05-ssl_loss=13.77.ckpt,5,77.20%,69.47%,23.46%,61.20%
stage1_marine_with_physics_lr_1e-5_with_pixel/benthic-ssl-epoch=07-ssl_loss=13.70.ckpt,7,77.40%,70.16%,23.47%,61.20%
stage1_marine_with_physics_lr_1e-5_with_pixel/benthic-ssl-epoch=08-ssl_loss=13.67.ckpt,8,77.60%,70.31%,23.45%,61.18%
stage1_marine_with_physics_lr_1e-5_with_pixel/benthic-ssl-epoch=09-ssl_loss=13.64.ckpt,9,77.60%,70.50%,23.44%,61.19%
stage1_marine_with_physics_lr_1e-5_with_pixel/benthic-ssl-epoch=10-ssl_loss=13.63.ckpt,10,77.40%,70.17%,23.43%,61.19%
stage1_marine_with_physics_lr_1e-5_with_pixel/benthic-ssl-epoch=11-ssl_loss=13.62.ckpt,11,77.60%,70.32%,23.44%,61.19%
stage1_marine_with_physics_lr_1e-5_with_pixel/benthic-ssl-epoch=14-ssl_loss=13.65.ckpt,14,77.40%,70.16%,23.46%,61.18%
stage1_marine_with_physics_lr_2e-4_with_pixel/benthic-ssl-best.ckpt,2,72.20%,63.83%,24.53%,61.11%
stage1_marine_with_physics_lr_2e-4_with_pixel/benthic-ssl-epoch=00-ssl_loss=13.78.ckpt,0,74.60%,66.49%,24.50%,61.19%
stage1_marine_with_physics_lr_2e-4_with_pixel/benthic-ssl-epoch=01-ssl_loss=12.71.ckpt,1,74.60%,67.39%,24.33%,61.14%
stage1_marine_with_physics_lr_2e-4_with_pixel/benthic-ssl-epoch=02-ssl_loss=12.53.ckpt,2,72.20%,63.83%,24.53%,61.11%
stage1_marine_with_physics_lr_2e-4_with_pixel/benthic-ssl-epoch=05-ssl_loss=13.00.ckpt,5,64.00%,57.66%,25.70%,61.19%
stage1_marine_with_physics_lr_2e-4_with_pixel/benthic-ssl-epoch=08-ssl_loss=12.79.ckpt,8,63.60%,58.27%,26.16%,61.11%
stage1_marine_with_physics_lr_2e-4_with_pixel/benthic-ssl-epoch=11-ssl_loss=12.70.ckpt,11,60.80%,55.59%,26.13%,61.25%
stage1_marine_with_physics_lr_2e-4_with_pixel/benthic-ssl-epoch=14-ssl_loss=12.88.ckpt,14,59.80%,54.78%,26.10%,61.18%
stage1_marine_with_physics_lr_5e-4_with_pixel/benthic-ssl-best.ckpt,2,68.60%,63.30%,25.37%,61.27%
stage1_marine_with_physics_lr_5e-4_with_pixel/benthic-ssl-epoch=00-ssl_loss=13.43.ckpt,0,73.00%,65.56%,24.26%,61.14%
stage1_marine_with_physics_lr_5e-4_with_pixel/benthic-ssl-epoch=01-ssl_loss=12.35.ckpt,1,72.60%,65.90%,25.12%,61.20%
stage1_marine_with_physics_lr_5e-4_with_pixel/benthic-ssl-epoch=02-ssl_loss=12.31.ckpt,2,68.60%,63.30%,25.37%,61.27%
stage1_marine_with_physics_lr_5e-4_with_pixel/benthic-ssl-epoch=05-ssl_loss=13.02.ckpt,5,63.20%,56.17%,23.76%,60.08%
stage1_marine_with_physics_lr_5e-4_with_pixel/benthic-ssl-epoch=08-ssl_loss=13.68.ckpt,8,52.00%,45.34%,16.62%,55.46%
stage1_marine_with_physics_lr_5e-4_with_pixel/benthic-ssl-epoch=11-ssl_loss=13.70.ckpt,11,53.80%,47.19%,9.79%,48.54%
stage1_marine_with_physics_lr_5e-4_with_pixel/benthic-ssl-epoch=14-ssl_loss=13.91.ckpt,14,53.60%,47.08%,9.03%,46.37%
off-the-shelf (no continued pretraining),-,77.20%,69.63%,23.31%,61.20%
