Model / Label,Epoch,Substrate Acc (%),Substrate F1-Macro (%),German Bank Acc (%),German Bank F1-Macro (%),Coralscapes mIoU (%),Coralscapes Pixel Acc (%)
stage1_marine_with_physics_lr_3e-4_pixel/benthic-ssl-best.ckpt,2,81.81%,64.09%,69.60%,62.12%,25.14%,61.09%
stage1_marine_with_physics_lr_3e-4_pixel/benthic-ssl-epoch=00-ssl_loss=13.61.ckpt,0,82.69%,66.10%,74.60%,67.03%,24.65%,61.14%
stage1_marine_with_physics_lr_3e-4_pixel/benthic-ssl-epoch=01-ssl_loss=12.51.ckpt,1,82.57%,65.70%,74.40%,67.00%,24.38%,61.13%
stage1_marine_with_physics_lr_3e-4_pixel/benthic-ssl-epoch=02-ssl_loss=12.42.ckpt,2,81.81%,64.09%,69.60%,62.12%,25.14%,61.09%
stage1_marine_with_physics_lr_3e-4_pixel/benthic-ssl-epoch=05-ssl_loss=12.93.ckpt,5,79.94%,59.44%,64.80%,58.93%,25.72%,61.01%
stage1_marine_with_physics_lr_3e-4_pixel/benthic-ssl-epoch=08-ssl_loss=12.78.ckpt,8,78.96%,57.25%,61.20%,54.20%,24.33%,60.58%
stage1_marine_with_physics_lr_3e-4_pixel/benthic-ssl-epoch=11-ssl_loss=12.96.ckpt,11,77.94%,55.56%,57.20%,48.67%,22.79%,60.28%
stage1_marine_with_physics_lr_3e-4_pixel/benthic-ssl-epoch=14-ssl_loss=13.24.ckpt,14,77.46%,54.09%,58.00%,48.57%,21.78%,60.15%
off-the-shelf (no continued pretraining),-,82.57%,66.23%,77.20%,69.63%,23.31%,61.20%
