Model / Label,Epoch,Norm,Substrate Acc (%),Substrate F1-Macro (%),German Bank Acc (%),German Bank F1-Macro (%)
stage1_marine_with_physics_lr_1e-4_no_pixel/benthic-ssl-best.ckpt,0,BenthicNet,81.56%,58.44%,79.78%,79.78%
stage1_marine_with_physics_lr_1e-4_no_pixel/benthic-ssl-epoch=00-ssl_loss=13.65.ckpt,0,BenthicNet,81.56%,58.44%,79.78%,79.78%
stage1_marine_with_physics_lr_1e-4_no_pixel/benthic-ssl-epoch=00-ssl_loss=13.78.ckpt,0,BenthicNet,81.50%,58.33%,79.94%,79.78%
stage1_marine_with_physics_lr_1e-4_no_pixel/benthic-ssl-epoch=01-ssl_loss=12.03.ckpt,1,BenthicNet,81.64%,58.65%,79.15%,79.18%
stage1_marine_with_physics_lr_1e-4_no_pixel/benthic-ssl-epoch=02-ssl_loss=11.34.ckpt,2,BenthicNet,81.64%,58.74%,79.47%,79.41%
stage1_marine_with_physics_lr_1e-4_no_pixel/benthic-ssl-epoch=03-ssl_loss=11.11.ckpt,3,BenthicNet,81.41%,58.22%,79.31%,78.95%
stage1_marine_with_physics_lr_1e-4_no_pixel/benthic-ssl-epoch=05-ssl_loss=11.32.ckpt,5,BenthicNet,80.91%,57.00%,78.53%,78.19%
stage1_marine_with_physics_lr_1e-4_no_pixel/benthic-ssl-epoch=08-ssl_loss=11.39.ckpt,8,BenthicNet,80.55%,56.20%,76.65%,75.76%
stage1_marine_with_physics_lr_1e-4_no_pixel/benthic-ssl-epoch=11-ssl_loss=11.25.ckpt,11,BenthicNet,80.74%,56.52%,76.96%,76.52%
stage1_marine_with_physics_lr_1e-4_no_pixel/benthic-ssl-epoch=14-ssl_loss=11.31.ckpt,14,BenthicNet,80.72%,56.55%,77.27%,76.54%
stage1_marine_with_physics_lr_1e-5_with_pixel/benthic-ssl-best.ckpt,11,BenthicNet,81.53%,58.27%,80.41%,80.71%
stage1_marine_with_physics_lr_1e-5_with_pixel/benthic-ssl-epoch=00-ssl_loss=14.54.ckpt,0,BenthicNet,81.48%,58.17%,79.94%,80.18%
stage1_marine_with_physics_lr_1e-5_with_pixel/benthic-ssl-epoch=01-ssl_loss=14.15.ckpt,1,BenthicNet,81.47%,58.15%,80.09%,79.89%
stage1_marine_with_physics_lr_1e-5_with_pixel/benthic-ssl-epoch=02-ssl_loss=13.83.ckpt,2,BenthicNet,81.47%,58.10%,80.09%,79.87%
stage1_marine_with_physics_lr_1e-5_with_pixel/benthic-ssl-epoch=03-ssl_loss=13.74.ckpt,3,BenthicNet,81.55%,58.37%,80.25%,80.12%
stage1_marine_with_physics_lr_1e-5_with_pixel/benthic-ssl-epoch=05-ssl_loss=13.77.ckpt,5,BenthicNet,81.39%,57.96%,79.94%,80.30%
stage1_marine_with_physics_lr_1e-5_with_pixel/benthic-ssl-epoch=07-ssl_loss=13.70.ckpt,7,BenthicNet,81.48%,58.13%,80.25%,80.18%
stage1_marine_with_physics_lr_1e-5_with_pixel/benthic-ssl-epoch=08-ssl_loss=13.67.ckpt,8,BenthicNet,81.43%,58.11%,79.94%,79.86%
stage1_marine_with_physics_lr_1e-5_with_pixel/benthic-ssl-epoch=09-ssl_loss=13.64.ckpt,9,BenthicNet,81.43%,58.06%,80.25%,80.20%
stage1_marine_with_physics_lr_1e-5_with_pixel/benthic-ssl-epoch=10-ssl_loss=13.63.ckpt,10,BenthicNet,81.48%,58.16%,80.09%,80.00%
stage1_marine_with_physics_lr_1e-5_with_pixel/benthic-ssl-epoch=11-ssl_loss=13.62.ckpt,11,BenthicNet,81.53%,58.27%,80.41%,80.71%
stage1_marine_with_physics_lr_1e-5_with_pixel/benthic-ssl-epoch=14-ssl_loss=13.65.ckpt,14,BenthicNet,81.43%,58.08%,80.72%,80.60%
stage1_marine_with_physics_lr_2e-4_with_pixel/benthic-ssl-best.ckpt,2,BenthicNet,80.64%,56.98%,78.06%,78.42%
stage1_marine_with_physics_lr_2e-4_with_pixel/benthic-ssl-epoch=00-ssl_loss=13.78.ckpt,0,BenthicNet,81.53%,58.24%,79.62%,79.50%
stage1_marine_with_physics_lr_2e-4_with_pixel/benthic-ssl-epoch=01-ssl_loss=12.71.ckpt,1,BenthicNet,81.20%,57.76%,80.56%,80.13%
stage1_marine_with_physics_lr_2e-4_with_pixel/benthic-ssl-epoch=02-ssl_loss=12.53.ckpt,2,BenthicNet,80.64%,56.98%,78.06%,78.42%
stage1_marine_with_physics_lr_2e-4_with_pixel/benthic-ssl-epoch=05-ssl_loss=13.00.ckpt,5,BenthicNet,79.83%,54.61%,71.32%,68.85%
stage1_marine_with_physics_lr_2e-4_with_pixel/benthic-ssl-epoch=08-ssl_loss=12.79.ckpt,8,BenthicNet,79.08%,53.11%,68.50%,65.58%
stage1_marine_with_physics_lr_2e-4_with_pixel/benthic-ssl-epoch=11-ssl_loss=12.70.ckpt,11,BenthicNet,79.27%,53.40%,67.87%,66.02%
stage1_marine_with_physics_lr_2e-4_with_pixel/benthic-ssl-epoch=14-ssl_loss=12.88.ckpt,14,BenthicNet,79.30%,53.34%,68.34%,66.18%
stage1_marine_with_physics_lr_5e-4_with_pixel/benthic-ssl-best.ckpt,2,BenthicNet,80.62%,56.53%,74.61%,72.72%
stage1_marine_with_physics_lr_5e-4_with_pixel/benthic-ssl-epoch=00-ssl_loss=13.43.ckpt,0,BenthicNet,81.05%,57.44%,79.00%,78.83%
stage1_marine_with_physics_lr_5e-4_with_pixel/benthic-ssl-epoch=01-ssl_loss=12.35.ckpt,1,BenthicNet,80.63%,56.69%,77.74%,76.97%
stage1_marine_with_physics_lr_5e-4_with_pixel/benthic-ssl-epoch=02-ssl_loss=12.31.ckpt,2,BenthicNet,80.62%,56.53%,74.61%,72.72%
stage1_marine_with_physics_lr_5e-4_with_pixel/benthic-ssl-epoch=05-ssl_loss=13.02.ckpt,5,BenthicNet,78.28%,50.05%,65.20%,63.50%
stage1_marine_with_physics_lr_5e-4_with_pixel/benthic-ssl-epoch=08-ssl_loss=13.68.ckpt,8,BenthicNet,74.72%,41.21%,57.68%,58.21%
stage1_marine_with_physics_lr_5e-4_with_pixel/benthic-ssl-epoch=11-ssl_loss=13.70.ckpt,11,BenthicNet,73.10%,35.60%,55.64%,53.20%
stage1_marine_with_physics_lr_5e-4_with_pixel/benthic-ssl-epoch=14-ssl_loss=13.91.ckpt,14,BenthicNet,74.10%,38.41%,59.56%,54.19%
stage1_marine_with_physics_lr_1e-4_no_pixel_tau_99/benthic-ssl-best.ckpt,3,BenthicNet,81.49%,58.39%,79.62%,79.26%
stage1_marine_with_physics_lr_1e-4_no_pixel_tau_99/benthic-ssl-epoch=00-ssl_loss=13.66.ckpt,0,BenthicNet,81.53%,58.33%,79.94%,79.80%
stage1_marine_with_physics_lr_1e-4_no_pixel_tau_99/benthic-ssl-epoch=01-ssl_loss=12.00.ckpt,1,BenthicNet,81.59%,58.57%,79.47%,79.44%
stage1_marine_with_physics_lr_1e-4_no_pixel_tau_99/benthic-ssl-epoch=02-ssl_loss=11.32.ckpt,2,BenthicNet,81.63%,58.85%,79.94%,79.49%
stage1_marine_with_physics_lr_1e-4_no_pixel_tau_99/benthic-ssl-epoch=03-ssl_loss=11.09.ckpt,3,BenthicNet,81.49%,58.39%,79.62%,79.26%
stage1_marine_with_physics_lr_1e-4_no_pixel_tau_99/benthic-ssl-epoch=05-ssl_loss=11.35.ckpt,5,BenthicNet,80.88%,56.98%,78.68%,77.96%
stage1_marine_with_physics_lr_1e-4_no_pixel_tau_99/benthic-ssl-epoch=08-ssl_loss=11.38.ckpt,8,BenthicNet,80.81%,56.84%,76.65%,76.31%
stage1_marine_with_physics_lr_1e-4_no_pixel_tau_99/benthic-ssl-epoch=11-ssl_loss=11.19.ckpt,11,BenthicNet,80.73%,56.62%,76.96%,76.54%
stage1_marine_with_physics_lr_1e-4_no_pixel_tau_99/benthic-ssl-epoch=14-ssl_loss=11.32.ckpt,14,BenthicNet,80.70%,56.54%,76.49%,76.16%
stage1_marine_with_physics/benthic-ssl-best.ckpt,3,ImageNet,80.59%,56.57%,78.06%,78.24%
stage1_marine_with_physics/benthic-ssl-epoch=00-ssl_loss=14.05.ckpt,0,ImageNet,81.32%,57.91%,79.94%,80.30%
stage1_marine_with_physics/benthic-ssl-epoch=01-ssl_loss=13.06.ckpt,1,ImageNet,81.30%,57.87%,80.88%,81.01%
stage1_marine_with_physics/benthic-ssl-epoch=02-ssl_loss=12.81.ckpt,2,ImageNet,81.00%,57.37%,79.62%,80.11%
stage1_marine_with_physics/benthic-ssl-epoch=03-ssl_loss=12.79.ckpt,3,ImageNet,80.59%,56.57%,78.06%,78.24%
stage1_marine_with_physics/benthic-ssl-epoch=05-ssl_loss=13.10.ckpt,5,ImageNet,79.72%,54.67%,72.41%,71.61%
stage1_marine_with_physics/benthic-ssl-epoch=08-ssl_loss=12.92.ckpt,8,ImageNet,79.62%,54.41%,71.47%,68.70%
stage1_marine_with_physics/benthic-ssl-epoch=11-ssl_loss=12.83.ckpt,11,ImageNet,79.77%,54.81%,72.26%,69.72%
stage1_marine_with_physics/benthic-ssl-epoch=14-ssl_loss=12.85.ckpt,14,ImageNet,79.83%,54.94%,72.10%,69.86%
stage1_marine_with_physics/benthic-ssl-epoch=44-ssl_loss=13.00.ckpt,44,ImageNet,81.26%,57.68%,79.15%,79.66%
stage1_marine_with_physics_lr_3e-4_pixel/benthic-ssl-best.ckpt,2,BenthicNet,80.45%,56.43%,76.18%,75.54%
stage1_marine_with_physics_lr_3e-4_pixel/benthic-ssl-epoch=00-ssl_loss=13.61.ckpt,0,BenthicNet,81.20%,57.81%,80.25%,80.11%
stage1_marine_with_physics_lr_3e-4_pixel/benthic-ssl-epoch=01-ssl_loss=12.51.ckpt,1,BenthicNet,80.83%,57.09%,78.68%,78.80%
stage1_marine_with_physics_lr_3e-4_pixel/benthic-ssl-epoch=02-ssl_loss=12.42.ckpt,2,BenthicNet,80.45%,56.43%,76.18%,75.54%
stage1_marine_with_physics_lr_3e-4_pixel/benthic-ssl-epoch=05-ssl_loss=12.93.ckpt,5,BenthicNet,79.54%,54.00%,70.22%,67.47%
stage1_marine_with_physics_lr_3e-4_pixel/benthic-ssl-epoch=08-ssl_loss=12.78.ckpt,8,BenthicNet,79.20%,52.92%,65.36%,63.62%
stage1_marine_with_physics_lr_3e-4_pixel/benthic-ssl-epoch=11-ssl_loss=12.96.ckpt,11,BenthicNet,78.54%,51.42%,63.48%,61.97%
stage1_marine_with_physics_lr_3e-4_pixel/benthic-ssl-epoch=14-ssl_loss=13.24.ckpt,14,BenthicNet,78.26%,50.59%,59.72%,57.49%
stage1_marine_no_physics/benthic-ssl-best.ckpt,12,ImageNet,79.70%,54.35%,71.00%,68.95%
stage1_marine_no_physics/benthic-ssl-epoch=00-ssl_loss=14.03.ckpt,0,ImageNet,81.43%,58.11%,80.09%,80.51%
stage1_marine_no_physics/benthic-ssl-epoch=01-ssl_loss=13.01.ckpt,1,ImageNet,81.25%,57.70%,79.78%,80.14%
stage1_marine_no_physics/benthic-ssl-epoch=02-ssl_loss=12.74.ckpt,2,ImageNet,80.60%,56.47%,79.47%,79.44%
stage1_marine_no_physics/benthic-ssl-epoch=03-ssl_loss=12.73.ckpt,3,ImageNet,80.21%,55.89%,76.49%,76.52%
stage1_marine_no_physics/benthic-ssl-epoch=05-ssl_loss=13.08.ckpt,5,ImageNet,79.38%,54.01%,72.57%,70.88%
stage1_marine_no_physics/benthic-ssl-epoch=08-ssl_loss=12.83.ckpt,8,ImageNet,79.33%,53.55%,70.06%,67.81%
stage1_marine_no_physics/benthic-ssl-epoch=10-ssl_loss=12.69.ckpt,10,ImageNet,79.45%,53.92%,71.32%,69.11%
stage1_marine_no_physics/benthic-ssl-epoch=11-ssl_loss=12.66.ckpt,11,ImageNet,79.57%,54.22%,69.91%,67.55%
stage1_marine_no_physics/benthic-ssl-epoch=12-ssl_loss=12.65.ckpt,12,ImageNet,79.70%,54.35%,71.00%,68.95%
stage1_marine_no_physics/benthic-ssl-epoch=14-ssl_loss=12.70.ckpt,14,ImageNet,79.56%,54.10%,71.16%,68.75%
ssl_off_pix/benthic-ssl-best.ckpt,11,ImageNet,78.92%,52.28%,68.34%,66.42%
ssl_off_pix/benthic-ssl-epoch=00-ssl_loss=14.04.ckpt,0,ImageNet,81.39%,58.05%,79.78%,80.21%
ssl_off_pix/benthic-ssl-epoch=01-ssl_loss=12.98.ckpt,1,ImageNet,81.17%,57.59%,80.09%,79.99%
ssl_off_pix/benthic-ssl-epoch=02-ssl_loss=12.69.ckpt,2,ImageNet,80.63%,56.69%,79.31%,79.21%
ssl_off_pix/benthic-ssl-epoch=03-ssl_loss=12.67.ckpt,3,ImageNet,80.17%,55.92%,75.55%,75.40%
ssl_off_pix/benthic-ssl-epoch=05-ssl_loss=12.98.ckpt,5,ImageNet,78.92%,52.71%,70.38%,68.20%
ssl_off_pix/benthic-ssl-epoch=08-ssl_loss=12.71.ckpt,8,ImageNet,78.80%,51.98%,68.03%,65.63%
ssl_off_pix/benthic-ssl-epoch=09-ssl_loss=12.64.ckpt,9,ImageNet,78.86%,51.97%,67.71%,65.53%
ssl_off_pix/benthic-ssl-epoch=10-ssl_loss=12.59.ckpt,10,ImageNet,79.06%,52.45%,68.18%,65.53%
ssl_off_pix/benthic-ssl-epoch=11-ssl_loss=12.58.ckpt,11,ImageNet,78.92%,52.28%,68.34%,66.42%
ssl_off_pix/benthic-ssl-epoch=14-ssl_loss=12.63.ckpt,14,ImageNet,79.05%,52.53%,68.03%,65.39%
ssl_off_no_pix/benthic-ssl-best.ckpt,3,ImageNet,80.98%,57.28%,78.37%,78.07%
ssl_off_no_pix/benthic-ssl-epoch=00-ssl_loss=13.79.ckpt,0,ImageNet,81.41%,58.07%,79.31%,79.17%
ssl_off_no_pix/benthic-ssl-epoch=01-ssl_loss=11.96.ckpt,1,ImageNet,81.23%,57.74%,79.00%,79.03%
ssl_off_no_pix/benthic-ssl-epoch=02-ssl_loss=11.19.ckpt,2,ImageNet,81.18%,57.66%,78.84%,78.63%
ssl_off_no_pix/benthic-ssl-epoch=03-ssl_loss=10.93.ckpt,3,ImageNet,80.98%,57.28%,78.37%,78.07%
ssl_off_no_pix/benthic-ssl-epoch=05-ssl_loss=11.13.ckpt,5,ImageNet,80.13%,55.32%,77.59%,76.79%
ssl_off_no_pix/benthic-ssl-epoch=08-ssl_loss=11.07.ckpt,8,ImageNet,79.75%,54.53%,75.39%,74.44%
ssl_off_no_pix/benthic-ssl-epoch=11-ssl_loss=10.93.ckpt,11,ImageNet,79.73%,54.41%,73.98%,73.10%
ssl_off_no_pix/benthic-ssl-epoch=14-ssl_loss=11.05.ckpt,14,ImageNet,79.74%,54.42%,74.45%,73.50%
off-the-shelf (no continued pretraining),-,ImageNet,81.33%,57.74%,79.31%,79.72%
