Model / Label,Epoch,Norm,German Bank Acc (%),German Bank F1-Macro (%),Coralscapes mIoU (%),Coralscapes Pixel Acc (%)
stage2_gram_from_2e4_ep14/benthic-ssl-best.ckpt,19,BenthicNet,68.81%,66.75%,26.30%,61.27%
stage2_gram_from_2e4_ep14/benthic-ssl-epoch=16-ssl_loss=12.86.ckpt,16,BenthicNet,68.65%,66.68%,26.28%,61.24%
stage2_gram_from_2e4_ep14/benthic-ssl-epoch=17-ssl_loss=12.83.ckpt,17,BenthicNet,68.18%,66.27%,26.20%,61.23%
stage2_gram_from_2e4_ep14/benthic-ssl-epoch=18-ssl_loss=12.81.ckpt,18,BenthicNet,69.44%,67.19%,26.25%,61.23%
stage2_gram_from_2e4_ep14/benthic-ssl-epoch=19-ssl_loss=12.81.ckpt,19,BenthicNet,68.81%,66.75%,26.30%,61.27%
stage2_gram_from_2e4_ep14/benthic-ssl-epoch=20-ssl_loss=12.82.ckpt,20,BenthicNet,68.50%,66.26%,26.30%,61.27%
stage2_gram_from_2e4_ep14/benthic-ssl-epoch=23-ssl_loss=12.91.ckpt,23,BenthicNet,69.28%,67.33%,26.27%,61.24%
stage2_gram_from_2e4_ep14/benthic-ssl-epoch=26-ssl_loss=12.93.ckpt,26,BenthicNet,68.65%,66.50%,26.15%,61.19%
stage2_gram_from_2e4_ep14/benthic-ssl-epoch=29-ssl_loss=12.87.ckpt,29,BenthicNet,68.50%,66.28%,26.16%,61.26%
stage2_gram_from_2e4_ep14/benthic-ssl-epoch=32-ssl_loss=12.92.ckpt,32,BenthicNet,68.50%,66.35%,26.18%,61.26%
stage2_gram_from_2e4_ep14/benthic-ssl-epoch=35-ssl_loss=13.08.ckpt,35,BenthicNet,69.44%,67.31%,26.21%,61.26%
stage2_gram_from_2e4_ep14/benthic-ssl-epoch=38-ssl_loss=13.04.ckpt,38,BenthicNet,68.81%,67.13%,26.17%,61.24%
stage2_gram_from_2e4_ep14/benthic-ssl-epoch=41-ssl_loss=13.07.ckpt,41,BenthicNet,68.50%,65.94%,26.13%,61.27%
stage2_gram_from_2e4_ep14/benthic-ssl-epoch=44-ssl_loss=13.06.ckpt,44,BenthicNet,69.59%,67.97%,26.13%,61.23%
stage2_gram_from_2e4_ep14/benthic-ssl-epoch=47-ssl_loss=12.98.ckpt,47,BenthicNet,69.28%,67.66%,25.98%,61.22%
stage2_gram_from_2e4_ep14/benthic-ssl-epoch=49-ssl_loss=12.93.ckpt,49,BenthicNet,69.12%,67.35%,26.06%,61.19%
off-the-shelf (no continued pretraining),-,ImageNet,79.31%,79.76%,23.31%,61.20%
